date,Democrats,Republicans,Media,Public,Democratic_Supporters,Republican_Supporters,Random_Users
2013-01-01,0.001,0,0.002,0,0.002,0,0
2013-01-02,0,0.001,0,0,0.002,0,0.001
2013-01-03,0.001,0.001,0,0,0.001,0,0.002
2013-01-04,0.001,0,0.006,0,0.002,0.001,0
2013-01-05,0.005,0.005,0,0.001,0.003,0.002,0
2013-01-06,0.004,0.001,0,0.002,0.005,0.001,0.001
2013-01-07,0,0.001,0.018,0.001,0.006,0.002,0
2013-01-08,0.003,0.001,0.005,0.004,0.007,0.001,0.001
2013-01-09,0.003,0.001,0.011,0.002,0.009,0.002,0.002
2013-01-10,0.015,0.002,0,0.002,0.005,0,0.002
2013-01-11,0.002,0,0.014,0.002,0.007,0,0.005
2013-01-12,0.01,0.001,0.021,0.001,0.009,0.001,0
2013-01-13,0.001,0.002,0.015,0.003,0.008,0.001,0.001
2013-01-14,0.004,0.001,0.009,0.003,0.007,0,0
2013-01-15,0.001,0.002,0.013,0.001,0.007,0,0
2013-01-16,0,0,0.002,0,0.004,0,0
2013-01-17,0.008,0.001,0.01,0.002,0.003,0.001,0.001
2013-01-18,0.001,0.001,0.012,0.002,0.007,0,0
2013-01-19,0.003,0.001,0.012,0.004,0.006,0.002,0.001
2013-01-20,0.001,0.004,0.018,0,0.004,0,0
2013-01-21,0,0,0.016,0.004,0.012,0.003,0
2013-01-22,0.002,0,0.004,0.001,0.011,0.002,0.001
2013-01-23,0.001,0,0,0.001,0.006,0.003,0
2013-01-24,0.008,0,0.004,0.003,0.011,0.002,0
2013-01-25,0,0,0.005,0.002,0.009,0,0.003
2013-01-26,0.001,0.001,0.019,0.002,0.007,0.001,0
2013-01-27,0.008,0.002,0.007,0.002,0.011,0.002,0.003
2013-01-28,0,0,0.009,0,0.007,0.002,0.003
2013-01-29,0.001,0,0.004,0.001,0.006,0.002,0.001
2013-01-30,0,0.001,0.02,0.002,0.007,0.003,0.001
2013-01-31,0.004,0,0.003,0.001,0.005,0.003,0.002
2013-02-01,0.008,0.001,0,0.001,0.007,0.001,0.001
2013-02-02,0.001,0.004,0.004,0.001,0.008,0.002,0.001
2013-02-03,0.002,0.003,0.001,0,0.008,0,0
2013-02-04,0,0,0.007,0.005,0.005,0.009,0.002
2013-02-05,0.001,0,0.006,0.001,0.005,0,0.003
2013-02-06,0.005,0,0.018,0.001,0.009,0,0.002
2013-02-07,0.001,0.001,0.012,0.004,0.01,0,0.001
2013-02-08,0.004,0.002,0.022,0.005,0.01,0.002,0.003
2013-02-09,0.004,0.001,0.006,0.002,0.01,0.002,0.005
2013-02-10,0.002,0.003,0.009,0.001,0.01,0.003,0
2013-02-11,0,0.001,0.002,0.001,0.008,0.001,0.001
2013-02-12,0.001,0,0,0.001,0.006,0,0.001
2013-02-13,0.003,0.002,0.013,0.004,0.014,0.006,0.007
2013-02-14,0.001,0.001,0.011,0.001,0.01,0.001,0
2013-02-15,0.008,0,0.003,0.001,0.013,0.001,0.004
2013-02-16,0.001,0.004,0.006,0,0.013,0.002,0.001
2013-02-17,0.003,0.001,0.023,0.001,0.026,0.002,0.003
2013-02-18,0.006,0.001,0.001,0,0.016,0.003,0.003
2013-02-19,0.004,0.001,0.004,0.002,0.012,0.001,0.001
2013-02-20,0,0.001,0,0.002,0.007,0.001,0.001
2013-02-21,0.004,0,0.001,0.001,0.007,0.002,0.003
2013-02-22,0.001,0.001,0.013,0.002,0.006,0.003,0
2013-02-23,0.001,0.002,0.001,0,0.005,0,0
2013-02-24,0.002,0.002,0.001,0,0.007,0.001,0
2013-02-25,0.001,0.002,0.014,0.001,0.005,0,0.001
2013-02-26,0.001,0,0.008,0,0.006,0.002,0
2013-02-27,0,0,0.001,0.003,0.005,0.002,0
2013-02-28,0,0,0,0,0.005,0.004,0.004
2013-03-01,0,0,0.004,0,0.006,0.002,0.001
2013-03-02,0.002,0.001,0.001,0,0.006,0.001,0.003
2013-03-03,0.003,0.001,0.005,0,0.002,0.005,0.002
2013-03-04,0.001,0,0.015,0.002,0.011,0.001,0
2013-03-05,0,0.003,0.001,0,0.006,0.001,0.002
2013-03-06,0.002,0,0.006,0.002,0.006,0,0.002
2013-03-07,0,0,0.015,0,0.005,0,0.002
2013-03-08,0.001,0.001,0.027,0,0.005,0.001,0.003
2013-03-09,0.001,0.001,0.005,0.002,0.005,0,0.001
2013-03-10,0.009,0.003,0.019,0,0.006,0,0.001
2013-03-11,0.001,0,0.011,0.001,0.009,0.002,0.002
2013-03-12,0.005,0.001,0.003,0.002,0.006,0.003,0.004
2013-03-13,0,0,0.009,0,0.004,0,0.001
2013-03-14,0.001,0.001,0.009,0,0.007,0,0.001
2013-03-15,0.004,0,0.012,0.002,0.007,0.001,0.004
2013-03-16,0.004,0.003,0.001,0,0.006,0.002,0.003
2013-03-17,0.009,0.002,0.008,0.003,0.004,0,0.001
2013-03-18,0.002,0,0.006,0,0.008,0.001,0.002
2013-03-19,0,0,0.003,0.002,0.005,0,0.002
2013-03-20,0,0,0.012,0.001,0.007,0.001,0.004
2013-03-21,0,0.001,0.001,0,0.009,0,0.004
2013-03-22,0,0.001,0,0.001,0.006,0.003,0.003
2013-03-23,0.002,0,0.001,0.001,0.005,0.001,0.002
2013-03-24,0.002,0.005,0.006,0.001,0.007,0,0
2013-03-25,0.001,0.001,0.009,0,0.004,0.001,0.004
2013-03-26,0,0.001,0,0.001,0.003,0,0.002
2013-03-27,0.001,0,0.001,0.001,0.006,0.001,0.005
2013-03-28,0.002,0.001,0.002,0.004,0.006,0.001,0.003
2013-03-29,0.005,0.002,0,0.003,0.005,0.002,0.001
2013-03-30,0.001,0.003,0,0.002,0.008,0.002,0.005
2013-03-31,0.004,0.001,0.005,0,0.004,0.001,0.001
2013-04-01,0.001,0.002,0,0.001,0.006,0.002,0.001
2013-04-02,0.001,0.002,0.01,0.001,0.008,0,0.002
2013-04-03,0.002,0,0.006,0.001,0.004,0.002,0.002
2013-04-04,0.001,0.004,0.002,0,0.006,0.002,0
2013-04-05,0.002,0.007,0.008,0.001,0.008,0.003,0
2013-04-06,0.002,0.011,0.001,0,0.004,0,0.003
2013-04-07,0.005,0.001,0.008,0.001,0.009,0,0.002
2013-04-08,0,0,0.007,0.004,0.006,0,0
2013-04-09,0,0.004,0.003,0.001,0.005,0,0.001
2013-04-10,0,0,0.018,0.004,0.007,0.001,0.001
2013-04-11,0.003,0.002,0.004,0,0.008,0.002,0.001
2013-04-12,0,0.001,0.013,0.002,0.011,0,0.006
2013-04-13,0.003,0.002,0.013,0.003,0.01,0.002,0.001
2013-04-14,0.001,0.001,0,0,0.009,0.002,0.002
2013-04-15,0,0,0,0,0.002,0,0.001
2013-04-16,0.002,0.001,0.003,0,0.006,0,0
2013-04-17,0,0,0.001,0.001,0.002,0,0.001
2013-04-18,0.001,0,0.013,0.003,0.005,0.001,0.004
2013-04-19,0.002,0.002,0.001,0,0.001,0,0.001
2013-04-20,0.001,0,0,0,0.001,0,0.001
2013-04-21,0.002,0.003,0.001,0.001,0.005,0,0
2013-04-22,0.008,0,0.008,0.004,0.015,0.002,0.003
2013-04-23,0.001,0.003,0.009,0.003,0.008,0.001,0
2013-04-24,0.004,0,0.001,0.001,0.007,0.001,0.001
2013-04-25,0,0,0.001,0.002,0.008,0,0
2013-04-26,0.002,0.001,0.003,0.002,0.007,0,0
2013-04-27,0.011,0.007,0.007,0,0.005,0,0
2013-04-28,0.003,0.002,0.001,0.004,0.006,0,0
2013-04-29,0.003,0,0,0.002,0.006,0.001,0.001
2013-04-30,0.007,0.001,0.004,0.003,0.009,0.001,0.001
2013-05-01,0,0,0.008,0.002,0.007,0,0.001
2013-05-02,0,0.001,0.008,0.005,0.007,0.003,0.005
2013-05-03,0.001,0,0.009,0.002,0.004,0,0
2013-05-04,0.001,0.004,0.024,0,0.006,0.003,0.002
2013-05-05,0.001,0.004,0.007,0.001,0.001,0.001,0.002
2013-05-06,0.001,0,0,0.003,0.006,0,0.001
2013-05-07,0.001,0,0.002,0.001,0.007,0,0.003
2013-05-08,0.001,0,0.016,0,0.007,0,0.002
2013-05-09,0,0.001,0.012,0.002,0.009,0.001,0.007
2013-05-10,0.002,0,0.014,0.004,0.013,0.001,0.002
2013-05-11,0.003,0.001,0.012,0.002,0.012,0,0.002
2013-05-12,0.004,0.001,0.007,0.001,0.012,0,0
2013-05-13,0.001,0.001,0.007,0.002,0.01,0.001,0.002
2013-05-14,0.004,0,0.011,0.002,0.007,0.001,0.001
2013-05-15,0,0,0,0.004,0.01,0.002,0.002
2013-05-16,0.001,0.002,0.001,0.003,0.01,0.001,0
2013-05-17,0.003,0,0.012,0.003,0.005,0.001,0.002
2013-05-18,0.005,0.001,0.008,0,0.006,0,0.003
2013-05-19,0.003,0.002,0.008,0.002,0.008,0.001,0.002
2013-05-20,0,0.001,0.003,0.001,0.008,0,0.005
2013-05-21,0,0,0.007,0.005,0.013,0.003,0.005
2013-05-22,0.005,0.001,0.001,0.003,0.008,0.002,0.004
2013-05-23,0.001,0.001,0.004,0.003,0.012,0,0.003
2013-05-24,0,0.001,0.001,0.003,0.008,0.001,0.001
2013-05-25,0.001,0.004,0.015,0.002,0.055,0.001,0.001
2013-05-26,0.001,0.005,0.019,0,0.011,0.001,0
2013-05-27,0.001,0.001,0.008,0.002,0.022,0.003,0.001
2013-05-28,0,0.001,0.002,0.002,0.009,0.003,0.003
2013-05-29,0.001,0,0.001,0.002,0.012,0.001,0.006
2013-05-30,0.014,0.002,0.002,0.004,0.01,0.002,0.003
2013-05-31,0.002,0.002,0.006,0,0.009,0.003,0
2013-06-01,0.002,0.001,0.011,0.002,0.012,0.002,0.003
2013-06-02,0.001,0.001,0,0.002,0.01,0.001,0.004
2013-06-03,0.001,0,0.001,0.005,0.006,0,0.005
2013-06-04,0.002,0.001,0,0.001,0.005,0.001,0.003
2013-06-05,0,0,0,0.005,0.006,0,0.001
2013-06-06,0,0.001,0.002,0.003,0.004,0,0.002
2013-06-07,0.001,0.001,0,0.004,0.005,0,0
2013-06-08,0.001,0.001,0.002,0.002,0.014,0,0.002
2013-06-09,0.001,0.002,0.003,0.005,0.004,0,0
2013-06-10,0.002,0.001,0.013,0.001,0.011,0.001,0.005
2013-06-11,0.001,0.001,0.002,0.006,0.008,0.002,0.007
2013-06-12,0,0,0.017,0.005,0.005,0,0.004
2013-06-13,0.002,0,0.001,0.002,0.007,0.003,0.004
2013-06-14,0,0,0.015,0.002,0.007,0,0.001
2013-06-15,0.003,0.002,0.005,0.004,0.006,0,0
2013-06-16,0.001,0.001,0.002,0.002,0.005,0.001,0
2013-06-17,0.001,0,0,0.001,0.006,0,0.004
2013-06-18,0.001,0,0.003,0.003,0.008,0.001,0.006
2013-06-19,0.001,0,0.005,0.001,0.011,0,0.002
2013-06-20,0,0,0.001,0.005,0.008,0.003,0.009
2013-06-21,0.002,0.001,0,0,0.007,0.002,0.004
2013-06-22,0.013,0.008,0.003,0.004,0.016,0.004,0.003
2013-06-23,0.005,0.001,0.024,0.005,0.015,0.007,0.002
2013-06-24,0.007,0,0.017,0.004,0.018,0.004,0.002
2013-06-25,0.065,0.037,0.046,0.02,0.048,0.021,0.014
2013-06-26,0.002,0.007,0,0.003,0.008,0.011,0.007
2013-06-27,0.001,0.001,0.002,0.004,0.007,0.004,0.003
2013-06-28,0.001,0.002,0.006,0.002,0.009,0.003,0.005
2013-06-29,0.002,0.004,0.003,0.003,0.009,0.004,0.003
2013-06-30,0.004,0.005,0.01,0.003,0.008,0.005,0.006
2013-07-01,0.001,0,0.008,0.002,0.008,0.001,0.006
2013-07-02,0.001,0.001,0.007,0.004,0.008,0.002,0.002
2013-07-03,0.001,0,0,0.001,0.008,0.001,0.002
2013-07-04,0.001,0,0,0.002,0.006,0,0
2013-07-05,0.002,0.001,0.008,0.001,0.005,0.002,0
2013-07-06,0.003,0.002,0.007,0,0.008,0.001,0.002
2013-07-07,0.008,0.002,0.012,0,0.008,0.002,0.001
2013-07-08,0.002,0.006,0.007,0.004,0.005,0,0
2013-07-09,0.001,0.004,0.005,0.001,0.009,0,0
2013-07-10,0.009,0.001,0.015,0.004,0.008,0,0
2013-07-11,0,0.002,0.005,0.002,0.011,0.002,0.001
2013-07-12,0.001,0.001,0.013,0.002,0.01,0,0.004
2013-07-13,0.014,0.002,0,0.002,0.004,0,0.001
2013-07-14,0.004,0.001,0,0,0.001,0,0
2013-07-15,0.001,0,0.008,0.001,0.005,0,0.001
2013-07-16,0.001,0.001,0,0.004,0.007,0,0
2013-07-17,0.001,0.001,0.008,0.001,0.008,0.001,0
2013-07-18,0.008,0.006,0.001,0.001,0.01,0.001,0.002
2013-07-19,0.011,0,0,0,0.007,0,0.001
2013-07-20,0.002,0.001,0.002,0.001,0.006,0,0
2013-07-21,0.002,0.001,0.024,0,0.006,0,0
2013-07-22,0.001,0.001,0.009,0.002,0.01,0.001,0.001
2013-07-23,0.003,0,0.001,0.002,0.01,0.002,0.002
2013-07-24,0,0,0.002,0.001,0.011,0,0
2013-07-25,0,0.001,0,0,0.013,0.001,0.003
2013-07-26,0,0.002,0,0.002,0.008,0.001,0.001
2013-07-27,0.003,0.003,0.004,0,0.006,0.001,0
2013-07-28,0.006,0.003,0.008,0.001,0.009,0,0
2013-07-29,0.001,0,0.013,0,0.009,0.001,0
2013-07-30,0,0.001,0.007,0.002,0.01,0,0.001
2013-07-31,0.002,0.002,0.016,0.001,0.008,0.001,0.001
2013-08-01,0.002,0.004,0.005,0,0.013,0.001,0.004
2013-08-02,0.001,0,0.006,0.002,0.01,0,0.001
2013-08-03,0.001,0.003,0.013,0.002,0.008,0,0.001
2013-08-04,0.002,0.002,0.003,0,0.006,0.002,0
2013-08-05,0.001,0.002,0,0.001,0.007,0,0.002
2013-08-06,0.002,0.002,0.014,0.002,0.009,0,0.002
2013-08-07,0.012,0,0.018,0.002,0.01,0,0.001
2013-08-08,0.006,0.003,0.031,0.003,0.014,0,0.003
2013-08-09,0,0.004,0.012,0.002,0.012,0.001,0.001
2013-08-10,0.01,0.003,0.033,0.002,0.01,0,0.001
2013-08-11,0.006,0.004,0.007,0,0.007,0,0.002
2013-08-12,0.002,0,0.02,0.005,0.019,0.007,0.002
2013-08-13,0.018,0.001,0.016,0.003,0.019,0.009,0.001
2013-08-14,0.001,0.005,0.017,0.004,0.019,0.007,0.001
2013-08-15,0,0.002,0.009,0,0.01,0.004,0
2013-08-16,0,0.002,0.013,0,0.008,0.001,0.002
2013-08-17,0.002,0.001,0.021,0.004,0.013,0.003,0.002
2013-08-18,0.001,0.003,0.007,0.001,0.006,0,0
2013-08-19,0.001,0.001,0.003,0.004,0.012,0,0.002
2013-08-20,0.008,0.001,0,0.003,0.012,0.001,0.002
2013-08-21,0.004,0.003,0.005,0,0.005,0,0
2013-08-22,0,0.002,0.004,0.002,0.008,0.002,0
2013-08-23,0.001,0,0.008,0.001,0.006,0.001,0.001
2013-08-24,0.002,0.001,0.001,0.001,0.005,0,0.002
2013-08-25,0.001,0.002,0.013,0.001,0.003,0.001,0
2013-08-26,0,0.001,0.003,0,0.007,0.001,0
2013-08-27,0,0.001,0.001,0.004,0.013,0.001,0.003
2013-08-28,0,0,0,0.001,0.007,0,0
2013-08-29,0.003,0.003,0,0.001,0.007,0.001,0
2013-08-30,0.004,0.001,0.002,0,0.007,0.001,0.002
2013-08-31,0.001,0,0.001,0.001,0.004,0,0
2013-09-01,0.005,0.001,0,0,0.002,0,0
2013-09-02,0.001,0.001,0.013,0,0.002,0,0
2013-09-03,0,0,0.006,0.001,0.007,0,0.006
2013-09-04,0,0,0,0,0.006,0,0
2013-09-05,0,0.001,0.003,0.006,0.007,0,0.004
2013-09-06,0.001,0.001,0,0,0.006,0.001,0.003
2013-09-07,0.002,0.001,0.017,0.003,0.005,0.001,0.001
2013-09-08,0.002,0.002,0.013,0.002,0.007,0.003,0.001
2013-09-09,0.001,0.002,0.005,0,0.003,0.001,0.003
2013-09-10,0.001,0.001,0.007,0.001,0.005,0.002,0.001
2013-09-11,0,0,0.008,0.002,0.006,0,0
2013-09-12,0.016,0.002,0.032,0.003,0.008,0.004,0.002
2013-09-13,0.005,0.001,0.018,0.002,0.006,0.002,0.003
2013-09-14,0.004,0.001,0.041,0.002,0.004,0.004,0
2013-09-15,0.003,0.013,0.006,0,0.002,0.001,0
2013-09-16,0,0,0.004,0,0.003,0.001,0
2013-09-17,0.009,0.002,0.001,0,0.008,0.001,0
2013-09-18,0.014,0.001,0,0.002,0.014,0,0.001
2013-09-19,0.001,0.006,0.029,0,0.008,0.001,0.001
2013-09-20,0.17,0.041,0.045,0.001,0.027,0.004,0.003
2013-09-21,0.012,0.006,0.006,0.002,0.009,0.003,0.001
2013-09-22,0.003,0.001,0.012,0.001,0.009,0.002,0
2013-09-23,0.004,0.001,0.01,0.002,0.009,0.003,0
2013-09-24,0.006,0.001,0.003,0.002,0.009,0.001,0.002
2013-09-25,0.003,0.001,0.007,0.001,0.007,0,0
2013-09-26,0.002,0.007,0.008,0.002,0.008,0.002,0
2013-09-27,0.007,0.001,0.023,0.006,0.014,0.003,0.002
2013-09-28,0.001,0.005,0.036,0.003,0.008,0.003,0.001
2013-09-29,0.002,0.001,0.002,0.002,0.003,0.003,0.001
2013-09-30,0.001,0.002,0.002,0.002,0.004,0.001,0.001
2013-10-01,0,0,0,0.001,0.002,0,0
2013-10-02,0.001,0.001,0,0,0.003,0,0.001
2013-10-03,0,0,0.014,0.001,0.002,0,0
2013-10-04,0.001,0.001,0.009,0.001,0.005,0,0.002
2013-10-05,0.002,0.001,0.001,0.003,0.004,0,0
2013-10-06,0.003,0.001,0.001,0.002,0.003,0,0
2013-10-07,0.003,0.002,0,0.002,0.007,0,0.002
2013-10-08,0.001,0.001,0.003,0.004,0.008,0,0.001
2013-10-09,0,0.003,0.009,0.002,0.007,0.001,0.001
2013-10-10,0.003,0.001,0.012,0.003,0.009,0.001,0
2013-10-11,0.004,0,0.008,0,0.006,0.001,0
2013-10-12,0.001,0.001,0.001,0,0.005,0,0.001
2013-10-13,0.001,0.001,0.001,0,0.006,0,0
2013-10-14,0.005,0,0,0.001,0.005,0.001,0.002
2013-10-15,0.001,0.004,0.002,0.002,0.007,0.001,0.002
2013-10-16,0.002,0,0.003,0,0.008,0,0.002
2013-10-17,0.002,0,0.001,0.001,0.003,0,0.001
2013-10-18,0,0.001,0.005,0,0.007,0.001,0
2013-10-19,0.002,0.003,0.007,0,0.007,0.002,0.001
2013-10-20,0.008,0.002,0.013,0,0.004,0,0
2013-10-21,0.002,0.001,0.004,0,0.009,0.001,0
2013-10-22,0.018,0.002,0.002,0.001,0.013,0,0.002
2013-10-23,0.002,0.001,0.009,0.002,0.011,0,0.006
2013-10-24,0,0,0.018,0.002,0.008,0,0
2013-10-25,0.007,0.002,0.004,0.001,0.004,0,0.001
2013-10-26,0.007,0.001,0.003,0,0.005,0,0
2013-10-27,0.005,0.001,0.004,0,0.005,0.001,0
2013-10-28,0.013,0,0.014,0.002,0.008,0,0.003
2013-10-29,0.03,0.001,0.004,0.002,0.012,0,0.003
2013-10-30,0.002,0,0.002,0.005,0.008,0.001,0.003
2013-10-31,0.004,0.002,0,0.002,0.005,0,0
2013-11-01,0.014,0.002,0,0,0.008,0.003,0
2013-11-02,0.001,0.003,0.016,0.001,0.008,0.004,0.005
2013-11-03,0.003,0.002,0.009,0.003,0.005,0.002,0
2013-11-04,0.001,0.001,0,0.001,0.008,0.001,0.001
2013-11-05,0.003,0,0,0.002,0.007,0,0.003
2013-11-06,0,0,0.005,0.001,0.005,0.001,0.002
2013-11-07,0.005,0.001,0.009,0,0.013,0,0
2013-11-08,0.005,0.001,0.005,0.002,0.008,0,0
2013-11-09,0.001,0.003,0.009,0,0.012,0.003,0.001
2013-11-10,0.003,0.001,0.004,0.001,0.006,0,0
2013-11-11,0.001,0.001,0.007,0,0.007,0.002,0.002
2013-11-12,0,0.001,0.009,0.001,0.009,0.001,0.001
2013-11-13,0.014,0,0,0.003,0.009,0.001,0.002
2013-11-14,0.027,0,0.003,0,0.016,0.002,0.002
2013-11-15,0.009,0.001,0.004,0.002,0.009,0.001,0.001
2013-11-16,0.001,0.002,0.006,0.003,0.012,0.003,0
2013-11-17,0.002,0.002,0.013,0.001,0.008,0,0.001
2013-11-18,0.001,0.001,0.012,0.002,0.01,0.002,0
2013-11-19,0.001,0.001,0.013,0.002,0.006,0.001,0.001
2013-11-20,0.001,0.003,0,0.002,0.008,0.001,0.003
2013-11-21,0.005,0.001,0.011,0.004,0.011,0.003,0.001
2013-11-22,0.001,0.001,0.005,0.001,0.009,0.004,0.002
2013-11-23,0.001,0.001,0.009,0,0.006,0.002,0
2013-11-24,0.002,0.002,0,0,0.005,0.001,0
2013-11-25,0.001,0.002,0.005,0.001,0.008,0.002,0.002
2013-11-26,0.001,0,0.002,0.001,0.006,0,0.002
2013-11-27,0,0.001,0.026,0.001,0.008,0.003,0.002
2013-11-28,0.015,0.001,0,0,0.004,0,0
2013-11-29,0.004,0.002,0.003,0.001,0.002,0.001,0
2013-11-30,0,0.007,0.013,0,0.005,0.001,0.002
2013-12-01,0.001,0.001,0,0,0.004,0.001,0
2013-12-02,0.002,0.001,0.013,0.001,0.007,0.003,0
2013-12-03,0.01,0,0.005,0.001,0.011,0.002,0
2013-12-04,0.007,0,0.004,0.002,0.012,0.001,0.001
2013-12-05,0.001,0.001,0.002,0.001,0.008,0.003,0
2013-12-06,0.001,0.001,0.004,0.002,0.006,0.001,0.001
2013-12-07,0.001,0.001,0,0,0.004,0,0
2013-12-08,0.001,0.001,0.001,0.001,0.004,0.001,0
2013-12-09,0.003,0.001,0.003,0,0.006,0.002,0.003
2013-12-10,0,0,0.017,0,0.005,0.003,0.001
2013-12-11,0,0,0.014,0.002,0.006,0.001,0.001
2013-12-12,0.012,0.001,0.001,0.001,0.007,0.001,0.003
2013-12-13,0,0.001,0.001,0.004,0.006,0.001,0
2013-12-14,0.006,0.001,0.002,0.002,0.004,0.001,0
2013-12-15,0.001,0.002,0.001,0,0.002,0.003,0.001
2013-12-16,0.003,0.002,0.007,0,0.007,0.004,0
2013-12-17,0.007,0,0.004,0.002,0.009,0.003,0
2013-12-18,0.001,0.001,0.027,0.002,0.01,0.002,0.002
2013-12-19,0.003,0.003,0.002,0,0.007,0,0
2013-12-20,0,0,0.014,0.001,0.003,0,0
2013-12-21,0.003,0.002,0.008,0,0.004,0,0.002
2013-12-22,0.001,0.001,0.013,0,0.004,0.001,0
2013-12-23,0.001,0.001,0.007,0.001,0.006,0,0.003
2013-12-24,0.003,0.004,0.007,0.001,0.005,0,0
2013-12-25,0.001,0.001,0.001,0,0.003,0,0
2013-12-26,0.004,0.002,0.006,0,0.005,0,0
2013-12-27,0.002,0.003,0.006,0,0.007,0.003,0.003
2013-12-28,0.006,0.002,0.005,0,0.005,0.003,0.001
2013-12-29,0.001,0.005,0.013,0.002,0.004,0.001,0.001
2013-12-30,0.001,0.001,0.004,0.001,0.005,0.005,0.001
2013-12-31,0.001,0.001,0.001,0,0.006,0.004,0
2014-01-01,0.001,0.001,0.005,0,0.004,0.001,0
2014-01-02,0.001,0.003,0.003,0.004,0.013,0.003,0.004
2014-01-03,0.001,0,0.002,0.001,0.01,0.007,0
2014-01-04,0.001,0.004,0.009,0.001,0.007,0.006,0
2014-01-05,0.004,0.003,0.002,0.002,0.005,0.004,0.001
2014-01-06,0.001,0.002,0.006,0.001,0.008,0.004,0.004
2014-01-07,0.001,0,0.003,0.002,0.009,0.006,0.002
2014-01-08,0.001,0,0.007,0,0.01,0.005,0.004
2014-01-09,0.001,0.001,0,0.001,0.008,0.003,0.001
2014-01-10,0.001,0,0.001,0,0.009,0.002,0
2014-01-11,0,0.002,0.003,0,0.007,0.001,0.001
2014-01-12,0.006,0.001,0.001,0,0.008,0.002,0
2014-01-13,0.003,0.001,0.016,0,0.009,0.004,0
2014-01-14,0.014,0.002,0.001,0.002,0.013,0.002,0.003
2014-01-15,0.001,0,0.003,0.003,0.009,0.002,0.001
2014-01-16,0.005,0.014,0.002,0.002,0.008,0.005,0.001
2014-01-17,0,0.006,0.011,0.004,0.009,0.002,0
2014-01-18,0.001,0.003,0.009,0.001,0.009,0.001,0.002
2014-01-19,0.003,0.004,0.001,0.001,0.007,0,0
2014-01-20,0,0,0.018,0.001,0.004,0.002,0
2014-01-21,0.001,0,0.002,0.001,0.009,0.003,0.001
2014-01-22,0.004,0.001,0,0,0.008,0.002,0
2014-01-23,0,0.006,0,0,0.008,0.002,0
2014-01-24,0.004,0,0.013,0.003,0.012,0.001,0
2014-01-25,0.001,0.004,0.005,0.002,0.007,0.002,0.002
2014-01-26,0.001,0.007,0.002,0,0.005,0,0.001
2014-01-27,0.003,0.001,0,0,0.007,0,0
2014-01-28,0.022,0,0,0,0.007,0.001,0.001
2014-01-29,0.001,0,0.014,0.007,0.017,0.008,0.004
2014-01-30,0.004,0.003,0,0.002,0.009,0.002,0.001
2014-01-31,0.004,0.012,0.015,0.001,0.01,0.002,0
2014-02-01,0.004,0.001,0.017,0,0.008,0.005,0.001
2014-02-02,0.004,0.002,0.001,0.001,0.008,0,0.001
2014-02-03,0.002,0.001,0.005,0,0.006,0,0
2014-02-04,0.006,0.001,0,0.001,0.011,0.002,0.003
2014-02-05,0.008,0.001,0.001,0.001,0.009,0.003,0.001
2014-02-06,0.009,0.001,0.01,0.005,0.014,0.002,0.001
2014-02-07,0.001,0.002,0.008,0.002,0.006,0.001,0.005
2014-02-08,0.001,0.002,0.001,0,0.007,0,0
2014-02-09,0.001,0.003,0.001,0.002,0.004,0.001,0.001
2014-02-10,0,0,0.008,0.002,0.005,0,0
2014-02-11,0.001,0,0.004,0.003,0.007,0.001,0.001
2014-02-12,0,0,0.016,0,0.007,0.002,0
2014-02-13,0.001,0.001,0.004,0.002,0.01,0.002,0.001
2014-02-14,0.001,0,0.016,0,0.006,0.003,0
2014-02-15,0.002,0.017,0.014,0,0.009,0.007,0.001
2014-02-16,0.009,0.008,0.058,0.004,0.013,0.01,0.001
2014-02-17,0.001,0.001,0.013,0.003,0.011,0.011,0.001
2014-02-18,0.014,0.001,0.017,0.003,0.014,0.008,0
2014-02-19,0.004,0.006,0.005,0.002,0.011,0.006,0.001
2014-02-20,0.001,0,0.01,0.003,0.011,0.005,0.003
2014-02-21,0,0.002,0.004,0.001,0.009,0.004,0.003
2014-02-22,0.001,0.001,0.004,0.002,0.007,0.004,0
2014-02-23,0.001,0.001,0.019,0.001,0.008,0.002,0
2014-02-24,0.006,0.001,0.006,0,0.009,0.005,0.004
2014-02-25,0.006,0,0.003,0.001,0.007,0.003,0.004
2014-02-26,0.009,0.002,0.006,0.001,0.008,0.004,0.002
2014-02-27,0.006,0.001,0.006,0.003,0.007,0.003,0.003
2014-02-28,0.014,0,0.005,0.003,0.009,0.004,0.001
2014-03-01,0,0.001,0.017,0,0.01,0.001,0.002
2014-03-02,0.001,0.001,0.003,0,0.005,0.003,0.001
2014-03-03,0.02,0,0.004,0,0.005,0.002,0.001
2014-03-04,0.001,0,0.017,0.002,0.008,0.005,0.001
2014-03-05,0.016,0.001,0.015,0,0.009,0.002,0.001
2014-03-06,0.001,0.003,0.009,0.004,0.009,0.004,0.001
2014-03-07,0.007,0.004,0.004,0,0.009,0.001,0.002
2014-03-08,0.01,0.003,0.001,0.001,0.007,0.004,0.001
2014-03-09,0.003,0.013,0.004,0.001,0.012,0.004,0.004
2014-03-10,0.137,0.005,0.012,0.006,0.03,0.013,0.005
2014-03-11,0.097,0.006,0.018,0.006,0.041,0.027,0.005
2014-03-12,0.006,0,0.009,0.003,0.016,0.005,0.002
2014-03-13,0.005,0,0.001,0.003,0.012,0.006,0.002
2014-03-14,0,0.002,0.008,0.001,0.008,0.003,0.003
2014-03-15,0.005,0.001,0.009,0.001,0.007,0.001,0
2014-03-16,0.005,0.005,0.003,0,0.005,0.002,0.003
2014-03-17,0,0,0.019,0.001,0.008,0.002,0.002
2014-03-18,0.002,0.001,0.006,0.004,0.009,0.004,0.003
2014-03-19,0.007,0,0.003,0.003,0.013,0.002,0.002
2014-03-20,0.006,0.002,0.002,0.004,0.008,0.004,0.002
2014-03-21,0,0,0.004,0.001,0.009,0.001,0.002
2014-03-22,0.003,0.001,0.011,0.002,0.007,0.002,0.002
2014-03-23,0.001,0.002,0.016,0.001,0.01,0.002,0.004
2014-03-24,0,0.001,0.006,0.003,0.008,0.004,0.002
2014-03-25,0,0,0.011,0.003,0.01,0.003,0.002
2014-03-26,0.002,0.002,0.017,0.002,0.009,0.003,0.001
2014-03-27,0,0.004,0.005,0.001,0.01,0.002,0.001
2014-03-28,0.001,0.005,0.03,0.002,0.011,0.006,0.001
2014-03-29,0.001,0.001,0.024,0.003,0.01,0.005,0.001
2014-03-30,0.001,0.001,0.015,0.001,0.009,0.004,0
2014-03-31,0.007,0.001,0.038,0.007,0.02,0.006,0.004
2014-04-01,0.002,0,0.006,0.005,0.013,0.003,0.003
2014-04-02,0,0.002,0.015,0.001,0.013,0.004,0.004
2014-04-03,0.001,0.002,0.006,0,0.01,0.001,0.001
2014-04-04,0.001,0,0.012,0.002,0.009,0.001,0.001
2014-04-05,0.002,0.006,0.003,0.002,0.011,0.003,0.002
2014-04-06,0.003,0.005,0.011,0.001,0.011,0.003,0.001
2014-04-07,0.001,0.001,0.013,0.004,0.011,0.003,0.002
2014-04-08,0,0.001,0.002,0.003,0.01,0.001,0.001
2014-04-09,0.003,0.001,0.016,0.002,0.009,0.002,0.001
2014-04-10,0.002,0.001,0.026,0.003,0.011,0.002,0.004
2014-04-11,0.001,0.001,0.01,0.001,0.012,0.001,0.003
2014-04-12,0.004,0.001,0.016,0.001,0.01,0.001,0.001
2014-04-13,0.002,0.01,0.024,0.003,0.015,0.002,0.002
2014-04-14,0.002,0.001,0.008,0.003,0.009,0.002,0.004
2014-04-15,0.002,0,0.008,0.003,0.011,0.003,0
2014-04-16,0,0.001,0.008,0.003,0.011,0.002,0.003
2014-04-17,0.001,0.002,0.007,0,0.01,0.002,0.004
2014-04-18,0.003,0.001,0.004,0.002,0.011,0.003,0
2014-04-19,0.001,0.006,0.005,0.003,0.009,0.001,0.004
2014-04-20,0.01,0.003,0.013,0.001,0.009,0.002,0.002
2014-04-21,0.016,0,0.006,0.001,0.008,0.004,0
2014-04-22,0.054,0.006,0.023,0.007,0.024,0.008,0.004
2014-04-23,0.011,0,0.029,0.002,0.017,0.004,0.003
2014-04-24,0.004,0.002,0.004,0.003,0.01,0.003,0.001
2014-04-25,0.001,0.002,0.009,0.002,0.011,0.002,0.004
2014-04-26,0.004,0.003,0.024,0.003,0.01,0.003,0.004
2014-04-27,0.001,0.008,0.005,0.001,0.007,0.005,0
2014-04-28,0,0.002,0.005,0.004,0.009,0.002,0.005
2014-04-29,0.011,0,0.015,0.002,0.011,0.004,0
2014-04-30,0,0,0.009,0.001,0.015,0.003,0.003
2014-05-01,0.001,0,0.013,0.002,0.011,0.003,0.001
2014-05-02,0.005,0.001,0.007,0,0.009,0.001,0
2014-05-03,0.001,0.005,0,0.001,0.006,0.002,0
2014-05-04,0.001,0.004,0.011,0.002,0.007,0.002,0.002
2014-05-05,0.001,0.001,0.018,0.006,0.016,0.003,0.004
2014-05-06,0.135,0.009,0.047,0.014,0.033,0.015,0.005
2014-05-07,0.015,0.001,0.035,0.009,0.026,0.018,0.005
2014-05-08,0.002,0.006,0.018,0.008,0.022,0.007,0.003
2014-05-09,0.001,0.004,0.016,0.005,0.015,0.007,0.002
2014-05-10,0.005,0.001,0.014,0.001,0.012,0.007,0.002
2014-05-11,0.001,0.001,0.02,0.004,0.014,0.005,0
2014-05-12,0.005,0,0.025,0.007,0.02,0.006,0.002
2014-05-13,0.005,0,0.006,0.005,0.019,0.008,0.003
2014-05-14,0.003,0,0.048,0.006,0.017,0.007,0.002
2014-05-15,0.001,0,0.036,0.005,0.017,0.004,0.006
2014-05-16,0.002,0,0.012,0.007,0.016,0.007,0.002
2014-05-17,0.001,0.001,0.01,0.006,0.013,0.006,0.002
2014-05-18,0.002,0.001,0.02,0.002,0.011,0.004,0.003
2014-05-19,0.011,0,0.026,0.003,0.017,0.006,0.002
2014-05-20,0.013,0,0.037,0.01,0.02,0.009,0.001
2014-05-21,0.102,0,0.042,0.007,0.024,0.007,0.004
2014-05-22,0.077,0.001,0.041,0.006,0.026,0.007,0.003
2014-05-23,0.019,0.015,0.024,0.003,0.022,0.001,0.002
2014-05-24,0.001,0.012,0.033,0.002,0.017,0.004,0.002
2014-05-25,0.009,0.001,0.004,0.006,0.01,0.001,0.003
2014-05-26,0,0,0,0.002,0.011,0.002,0
2014-05-27,0.008,0.001,0.042,0.007,0.017,0.007,0.005
2014-05-28,0,0.003,0.012,0.006,0.014,0.006,0.003
2014-05-29,0.02,0.005,0.026,0.011,0.016,0.006,0.003
2014-05-30,0.013,0.012,0.016,0.007,0.018,0.004,0.003
2014-05-31,0.048,0.004,0.043,0.01,0.023,0.008,0.007
2014-06-01,0.023,0.024,0.066,0.008,0.025,0.012,0.003
2014-06-02,0.346,0.268,0.106,0.025,0.085,0.033,0.009
2014-06-03,0.2,0.094,0.05,0.019,0.056,0.017,0.01
2014-06-04,0.052,0.05,0.02,0.008,0.031,0.008,0.011
2014-06-05,0.01,0.004,0.025,0.009,0.024,0.01,0.004
2014-06-06,0.009,0.001,0.018,0.002,0.02,0.006,0.005
2014-06-07,0.01,0.004,0.019,0.001,0.018,0.003,0.003
2014-06-08,0.004,0.021,0.021,0.008,0.021,0.006,0.002
2014-06-09,0.005,0.008,0.018,0.006,0.023,0.006,0.006
2014-06-10,0.001,0,0.011,0.006,0.013,0.004,0.004
2014-06-11,0,0.003,0.009,0.003,0.008,0.001,0
2014-06-12,0.001,0.001,0.005,0.004,0.011,0.002,0.001
2014-06-13,0.002,0,0.008,0.003,0.01,0.002,0.003
2014-06-14,0.002,0.001,0.013,0.014,0.01,0.003,0.002
2014-06-15,0.001,0.002,0.02,0,0.007,0.005,0
2014-06-16,0.001,0.001,0.002,0,0.011,0.004,0.001
2014-06-17,0,0.001,0,0.001,0.011,0.004,0
2014-06-18,0.019,0.001,0.002,0.006,0.015,0.003,0.003
2014-06-19,0.007,0.008,0.003,0.004,0.012,0.004,0.006
2014-06-20,0.021,0,0.005,0.001,0.01,0.001,0
2014-06-21,0.02,0.001,0,0.003,0.014,0.002,0.003
2014-06-22,0.001,0.001,0.011,0,0.011,0.002,0
2014-06-23,0.001,0.001,0.034,0.003,0.013,0.008,0.003
2014-06-24,0.004,0.001,0.004,0.008,0.018,0.002,0.004
2014-06-25,0.008,0,0.005,0.001,0.017,0.003,0.003
2014-06-26,0,0,0.01,0.001,0.009,0.004,0.002
2014-06-27,0.001,0,0.012,0.002,0.011,0.002,0.001
2014-06-28,0.001,0.001,0.001,0.002,0.007,0.003,0
2014-06-29,0.001,0.002,0.003,0.002,0.014,0.003,0.002
2014-06-30,0,0,0.009,0.001,0.006,0.002,0
2014-07-01,0,0,0.001,0,0.005,0.003,0
2014-07-02,0.003,0.002,0.01,0.002,0.009,0.002,0
2014-07-03,0.002,0,0.021,0.003,0.009,0.004,0.001
2014-07-04,0,0.001,0.015,0.002,0.008,0,0
2014-07-05,0.001,0.005,0.003,0.003,0.009,0.002,0
2014-07-06,0.004,0.001,0.003,0,0.008,0.004,0.002
2014-07-07,0.004,0.001,0.006,0.004,0.011,0.004,0.003
2014-07-08,0.002,0.003,0.009,0.002,0.013,0.003,0.005
2014-07-09,0,0.001,0.016,0.003,0.012,0.001,0.003
2014-07-10,0.004,0.002,0.007,0.004,0.011,0.003,0.001
2014-07-11,0.009,0.002,0.013,0.001,0.015,0.003,0.002
2014-07-12,0.002,0.001,0,0,0.016,0.001,0.002
2014-07-13,0.003,0.002,0.004,0,0.008,0.002,0
2014-07-14,0,0.001,0.012,0.004,0.011,0.004,0
2014-07-15,0.003,0.001,0.019,0.002,0.012,0.003,0.002
2014-07-16,0.001,0.009,0.011,0.005,0.013,0.004,0.001
2014-07-17,0.002,0.001,0,0.005,0.01,0.003,0.002
2014-07-18,0.008,0.001,0.005,0.005,0.012,0.003,0.002
2014-07-19,0.002,0.003,0.005,0.002,0.009,0.002,0.002
2014-07-20,0.001,0.001,0,0.002,0.005,0.001,0
2014-07-21,0,0,0,0.001,0.01,0.001,0.001
2014-07-22,0.001,0,0,0.002,0.012,0.002,0
2014-07-23,0.022,0.009,0.007,0.001,0.012,0.002,0.001
2014-07-24,0.001,0,0.002,0.001,0.01,0.001,0.003
2014-07-25,0.01,0.001,0.001,0.002,0.01,0.002,0.001
2014-07-26,0.004,0.001,0.003,0.002,0.01,0.001,0.003
2014-07-27,0.001,0.001,0.026,0.002,0.007,0.002,0.003
2014-07-28,0.007,0,0.002,0.004,0.012,0.003,0
2014-07-29,0.044,0.002,0.028,0.006,0.026,0.006,0.004
2014-07-30,0.006,0.008,0.007,0.006,0.016,0.004,0.003
2014-07-31,0.001,0.003,0.008,0.002,0.013,0.004,0
2014-08-01,0.002,0.001,0.006,0.003,0.009,0.002,0
2014-08-02,0.001,0.001,0.005,0.001,0.007,0,0.001
2014-08-03,0.003,0.002,0.003,0.004,0.012,0.001,0.003
2014-08-04,0.001,0,0.008,0.003,0.011,0.003,0.001
2014-08-05,0.002,0.001,0.006,0.005,0.012,0.002,0.004
2014-08-06,0.002,0,0.004,0.003,0.01,0.003,0.003
2014-08-07,0.004,0,0.014,0.006,0.013,0.002,0.005
2014-08-08,0.001,0,0.001,0.001,0.012,0.002,0
2014-08-09,0.022,0.002,0,0.004,0.011,0.002,0.006
2014-08-10,0.006,0.003,0.001,0.001,0.007,0,0
2014-08-11,0,0.004,0.002,0.002,0.01,0.001,0.001
2014-08-12,0.001,0,0.009,0.001,0.007,0.001,0
2014-08-13,0.001,0.002,0,0,0.006,0.001,0
2014-08-14,0.001,0.003,0.001,0.001,0.003,0.001,0.002
2014-08-15,0,0,0,0.001,0.005,0.002,0.003
2014-08-16,0.001,0.002,0.001,0.001,0.005,0.001,0.002
2014-08-17,0.004,0.001,0,0,0.004,0,0.002
2014-08-18,0.006,0.001,0.005,0.001,0.003,0.001,0
2014-08-19,0.004,0,0,0,0.003,0,0.001
2014-08-20,0.001,0,0.002,0.003,0.007,0.001,0.001
2014-08-21,0,0.005,0.008,0.004,0.007,0.001,0.003
2014-08-22,0.002,0.004,0.007,0.002,0.01,0.001,0
2014-08-23,0.006,0.015,0.006,0.001,0.005,0,0
2014-08-24,0.006,0.006,0.011,0,0.006,0.002,0.002
2014-08-25,0.001,0.001,0.003,0,0.008,0,0.002
2014-08-26,0.001,0.002,0.017,0.001,0.007,0,0.001
2014-08-27,0.005,0.005,0.008,0.001,0.01,0.007,0
2014-08-28,0.001,0.002,0.017,0.006,0.009,0.006,0.002
2014-08-29,0,0.008,0.007,0.003,0.009,0.003,0
2014-08-30,0.002,0.004,0.011,0.001,0.008,0.003,0
2014-08-31,0.002,0.007,0.001,0.004,0.008,0.002,0.003
2014-09-01,0.001,0.003,0.014,0,0.005,0.003,0
2014-09-02,0.002,0.001,0.002,0.003,0.007,0.001,0.002
2014-09-03,0,0.001,0.003,0.003,0.008,0.002,0.001
2014-09-04,0.004,0.002,0.001,0,0.008,0.003,0.003
2014-09-05,0.001,0,0,0.005,0.009,0.004,0.001
2014-09-06,0.002,0.006,0,0.002,0.01,0.002,0.001
2014-09-07,0.001,0.003,0,0.001,0.007,0.002,0.004
2014-09-08,0.001,0,0.003,0.003,0.011,0.002,0.002
2014-09-09,0.009,0.001,0.017,0.005,0.014,0.003,0.004
2014-09-10,0.003,0,0.002,0.004,0.012,0.003,0.002
2014-09-11,0.001,0.002,0,0.001,0.008,0.001,0.002
2014-09-12,0.002,0.005,0.003,0.001,0.01,0.002,0.004
2014-09-13,0.001,0.001,0.016,0.001,0.01,0,0.001
2014-09-14,0.004,0.001,0.007,0.001,0.006,0.003,0
2014-09-15,0.001,0.016,0.021,0.005,0.016,0.003,0.004
2014-09-16,0.011,0.016,0.028,0.006,0.019,0.005,0.005
2014-09-17,0.001,0,0.029,0.004,0.015,0.004,0.003
2014-09-18,0.014,0.001,0.031,0.002,0.015,0.002,0.002
2014-09-19,0.035,0.003,0.016,0.003,0.013,0.003,0.001
2014-09-20,0.012,0.001,0.025,0.004,0.014,0.004,0.003
2014-09-21,0.046,0.021,0.062,0.009,0.043,0.014,0.005
2014-09-22,0.023,0.003,0.057,0.015,0.045,0.025,0.005
2014-09-23,0.041,0,0.038,0.016,0.033,0.017,0.004
2014-09-24,0.003,0.001,0.02,0.007,0.018,0.013,0.005
2014-09-25,0.001,0.002,0.006,0.004,0.013,0.005,0.002
2014-09-26,0.001,0,0.003,0.003,0.01,0.005,0.001
2014-09-27,0.001,0.003,0.001,0.001,0.01,0.004,0
2014-09-28,0.019,0.001,0.001,0,0.011,0.006,0
2014-09-29,0.001,0,0.017,0.004,0.015,0.003,0.001
2014-09-30,0.006,0.001,0.009,0.002,0.011,0.003,0.003
2014-10-01,0,0,0.006,0.005,0.01,0.002,0.001
2014-10-02,0,0.003,0.022,0.005,0.009,0.003,0.002
2014-10-03,0.002,0.004,0.003,0.003,0.01,0.001,0.001
2014-10-04,0.001,0.007,0.002,0.003,0.01,0.002,0.003
2014-10-05,0.001,0.004,0.005,0.002,0.006,0.002,0
2014-10-06,0.001,0.002,0.004,0.001,0.009,0.001,0.001
2014-10-07,0.001,0.002,0.005,0.005,0.01,0.004,0.002
2014-10-08,0.003,0,0.006,0,0.011,0.004,0.003
2014-10-09,0.003,0.003,0.007,0,0.008,0.003,0.001
2014-10-10,0.005,0.002,0.017,0,0.007,0.002,0.001
2014-10-11,0.001,0.001,0,0.001,0.006,0.001,0
2014-10-12,0.003,0.001,0,0,0.004,0.001,0.002
2014-10-13,0.018,0.006,0.013,0,0.011,0.004,0.001
2014-10-14,0.005,0.009,0.023,0.006,0.014,0.006,0.001
2014-10-15,0.02,0,0.008,0.004,0.01,0.004,0.002
2014-10-16,0,0.002,0.01,0.001,0.008,0.003,0.004
2014-10-17,0,0,0.006,0.003,0.009,0.001,0
2014-10-18,0,0.001,0.005,0.001,0.006,0.002,0.003
2014-10-19,0.009,0.013,0.009,0.002,0.005,0,0
2014-10-20,0.002,0.002,0.004,0.005,0.01,0.002,0.002
2014-10-21,0.001,0,0.013,0.005,0.009,0.002,0.001
2014-10-22,0.006,0.006,0.007,0,0.008,0.002,0
2014-10-23,0.003,0.001,0.002,0.002,0.008,0.004,0.005
2014-10-24,0,0,0.003,0.001,0.007,0.002,0.002
2014-10-25,0,0.001,0.002,0.001,0.006,0.002,0.002
2014-10-26,0.001,0.006,0.002,0,0.005,0.002,0
2014-10-27,0.001,0.006,0,0.001,0.008,0.002,0.005
2014-10-28,0,0.001,0.003,0.003,0.012,0.004,0.006
2014-10-29,0.001,0.003,0.003,0.002,0.012,0.003,0.002
2014-10-30,0.001,0.002,0.004,0.001,0.007,0.004,0.003
2014-10-31,0,0.003,0.005,0,0.007,0.002,0.002
2014-11-01,0.001,0.001,0.004,0,0.007,0.001,0.002
2014-11-02,0.002,0.002,0.033,0.007,0.014,0.004,0.004
2014-11-03,0.014,0.001,0.008,0.004,0.01,0.001,0.002
2014-11-04,0,0.001,0.003,0.003,0.006,0.002,0.001
2014-11-05,0.001,0.001,0.003,0.002,0.005,0,0.001
2014-11-06,0,0.001,0.01,0.004,0.011,0.003,0.001
2014-11-07,0,0.001,0.01,0.003,0.01,0.002,0
2014-11-08,0.004,0.001,0.009,0.002,0.01,0.003,0.001
2014-11-09,0.006,0.001,0.009,0.002,0.011,0.001,0
2014-11-10,0.001,0.001,0.019,0.004,0.014,0.001,0.001
2014-11-11,0,0,0.008,0.003,0.011,0,0.001
2014-11-12,0.1,0.02,0.041,0.012,0.042,0.013,0.005
2014-11-13,0.02,0.004,0.007,0.008,0.023,0.007,0.003
2014-11-14,0.004,0.009,0.022,0.004,0.016,0.005,0.001
2014-11-15,0,0.005,0.009,0.005,0.017,0.007,0
2014-11-16,0.004,0.003,0.007,0.003,0.014,0.004,0.002
2014-11-17,0.002,0,0.016,0.002,0.012,0.005,0
2014-11-18,0.01,0,0.008,0.004,0.017,0.008,0.002
2014-11-19,0.011,0.002,0.001,0.002,0.013,0.005,0.003
2014-11-20,0.003,0.001,0.007,0.001,0.012,0.004,0.002
2014-11-21,0,0,0.001,0.003,0.007,0.002,0.001
2014-11-22,0.001,0.001,0.007,0.003,0.009,0.002,0.001
2014-11-23,0.001,0.002,0.001,0.002,0.008,0.003,0.002
2014-11-24,0.001,0,0.006,0.001,0.008,0.002,0.002
2014-11-25,0,0.001,0,0,0.001,0,0
2014-11-26,0.021,0.025,0.002,0.002,0.006,0.001,0.002
2014-11-27,0.001,0.001,0,0,0.004,0,0
2014-11-28,0.004,0.003,0.001,0.002,0.008,0.001,0.001
2014-11-29,0.001,0.008,0.001,0.003,0.006,0.001,0.002
2014-11-30,0.001,0.005,0.003,0.001,0.007,0.001,0
2014-12-01,0.011,0.012,0,0.002,0.009,0.002,0.003
2014-12-02,0.001,0.007,0.011,0.004,0.008,0.002,0.002
2014-12-03,0.007,0.004,0.002,0.004,0.008,0.001,0.001
2014-12-04,0.004,0.004,0,0.002,0.003,0.001,0.001
2014-12-05,0,0.001,0.014,0.001,0.006,0.001,0
2014-12-06,0.003,0.001,0.008,0.001,0.009,0.001,0.001
2014-12-07,0.001,0.001,0.015,0,0.006,0.001,0
2014-12-08,0,0.004,0.001,0.002,0.012,0.002,0.001
2014-12-09,0.009,0,0.01,0.005,0.01,0.002,0
2014-12-10,0.005,0.003,0.003,0.002,0.008,0.001,0.001
2014-12-11,0.001,0.003,0.01,0.003,0.01,0.002,0.003
2014-12-12,0.001,0.003,0.006,0.003,0.011,0.001,0
2014-12-13,0.004,0.001,0.005,0.001,0.007,0.002,0.001
2014-12-14,0,0.002,0.021,0.003,0.008,0.001,0.002
2014-12-15,0,0.001,0.006,0.002,0.007,0.002,0.002
2014-12-16,0.002,0.001,0.013,0,0.006,0.001,0
2014-12-17,0.006,0.001,0.011,0.002,0.009,0.003,0.001
2014-12-18,0.002,0.001,0.017,0.002,0.01,0.003,0.002
2014-12-19,0.006,0.003,0.008,0,0.008,0.002,0
2014-12-20,0.001,0.004,0.007,0.001,0.007,0.002,0
2014-12-21,0.002,0.011,0.001,0.001,0.003,0,0
2014-12-22,0.003,0.001,0.001,0.002,0.007,0.001,0.004
2014-12-23,0.002,0.002,0.005,0.001,0.008,0.001,0.002
2014-12-24,0.001,0.007,0,0.001,0.004,0.002,0
2014-12-25,0.001,0.001,0.007,0,0.008,0.003,0
2014-12-26,0.001,0.001,0.008,0.001,0.011,0.002,0
2014-12-27,0.001,0.001,0.002,0.002,0.01,0,0.001
2014-12-28,0.003,0.003,0.009,0.003,0.012,0.001,0.001
2014-12-29,0.009,0.005,0.005,0.001,0.01,0.004,0.001
2014-12-30,0.001,0.001,0.01,0.001,0.008,0.003,0
2014-12-31,0.001,0.001,0,0.004,0,0,0
